2026-08-12T01:50:04+09:00	e542_cartpole_som_orig_lipvq_line_prod_s0	resubmit	4677831
2026-08-15T18:51:26+09:00	e510_cartpole_som_line_s0	resubmit	4693539
2026-08-15T18:51:26+09:00	e514_hopper_som_line_s0	resubmit	4693540
2026-08-15T18:51:26+09:00	e518_cartpole_som_orig_line_s0	resubmit	4693541
2026-08-15T18:51:26+09:00	e522_hopper_som_orig_line_s0	resubmit	4693542
2026-08-15T18:51:27+09:00	e526_cartpole_lipvq_prod_s0	resubmit	4693543
2026-08-15T18:51:27+09:00	e530_hopper_lipvq_prod_s0	resubmit	4693544
2026-08-15T18:51:27+09:00	e534_cartpole_som_lipvq_line_prod_s0	resubmit	4693545
2026-08-15T18:51:27+09:00	e538_hopper_som_lipvq_line_prod_s0	resubmit	4693546
2026-08-15T18:51:27+09:00	e542_cartpole_som_orig_lipvq_line_prod_s0	resubmit	4693547
2026-08-15T18:51:28+09:00	e546_hopper_som_orig_lipvq_line_prod_s0	resubmit	4693548
2026-08-15T18:51:28+09:00	e511_cartpole_som_line_s1	resubmit	4693549
2026-08-15T18:51:28+09:00	e515_hopper_som_line_s1	resubmit	4693550
2026-08-15T18:51:28+09:00	e519_cartpole_som_orig_line_s1	resubmit	4693551
2026-08-15T18:51:28+09:00	e523_hopper_som_orig_line_s1	resubmit	4693552
2026-08-15T18:51:28+09:00	e527_cartpole_lipvq_prod_s1	resubmit	4693553
2026-08-15T18:51:29+09:00	e531_hopper_lipvq_prod_s1	resubmit	4693554
2026-08-15T18:51:29+09:00	e535_cartpole_som_lipvq_line_prod_s1	resubmit	4693555
2026-08-15T18:51:29+09:00	e539_hopper_som_lipvq_line_prod_s1	resubmit	4693556
2026-08-15T18:51:30+09:00	e543_cartpole_som_orig_lipvq_line_prod_s1	resubmit	4693557
2026-08-15T18:51:30+09:00	e547_hopper_som_orig_lipvq_line_prod_s1	resubmit	4693558
2026-08-15T18:51:30+09:00	e512_cartpole_som_line_s2	resubmit	4693559
2026-08-15T18:51:30+09:00	e516_hopper_som_line_s2	resubmit	4693560
2026-08-15T18:51:31+09:00	e520_cartpole_som_orig_line_s2	resubmit	4693561
2026-08-15T18:51:31+09:00	e524_hopper_som_orig_line_s2	resubmit	4693562
2026-08-15T18:51:31+09:00	e528_cartpole_lipvq_prod_s2	resubmit	4693563
2026-08-15T18:51:32+09:00	e532_hopper_lipvq_prod_s2	resubmit	4693564
2026-08-15T18:51:32+09:00	e536_cartpole_som_lipvq_line_prod_s2	resubmit	4693565
2026-08-15T18:51:32+09:00	e540_hopper_som_lipvq_line_prod_s2	resubmit	4693566
2026-08-15T18:51:32+09:00	e544_cartpole_som_orig_lipvq_line_prod_s2	resubmit	4693567
2026-08-15T18:51:32+09:00	e548_hopper_som_orig_lipvq_line_prod_s2	resubmit	4693568
2026-08-15T18:51:33+09:00	e513_cartpole_som_line_s3	resubmit	4693569
2026-08-15T18:51:33+09:00	e517_hopper_som_line_s3	resubmit	4693570
