2026-08-10T14:34:44+09:00	4677164	e510	dmc_cartpole_swingup	som_line	0	e510_cartpole_som_line_s0	gpu-a100	4000000
2026-08-10T14:34:46+09:00	4677165	e514	dmc_hopper_stand	som_line	0	e514_hopper_som_line_s0	gpu-a100	4000000
2026-08-10T14:34:48+09:00	4677166	e518	dmc_cartpole_swingup	som_orig_line	0	e518_cartpole_som_orig_line_s0	gpu-a100	4000000
2026-08-10T14:34:51+09:00	4677167	e522	dmc_hopper_stand	som_orig_line	0	e522_hopper_som_orig_line_s0	gpu-a100	4000000
2026-08-10T14:34:53+09:00	4677168	e526	dmc_cartpole_swingup	lipvq_prod	0	e526_cartpole_lipvq_prod_s0	gpu-a100	4000000
2026-08-10T14:34:55+09:00	4677169	e530	dmc_hopper_stand	lipvq_prod	0	e530_hopper_lipvq_prod_s0	gpu-a100	4000000
2026-08-10T14:34:57+09:00	4677170	e534	dmc_cartpole_swingup	som_lipvq_line_prod	0	e534_cartpole_som_lipvq_line_prod_s0	gpu-a100	4000000
2026-08-10T14:34:59+09:00	4677171	e538	dmc_hopper_stand	som_lipvq_line_prod	0	e538_hopper_som_lipvq_line_prod_s0	gpu-a100	4000000
2026-08-10T14:35:01+09:00	4677172	e542	dmc_cartpole_swingup	som_orig_lipvq_line_prod	0	e542_cartpole_som_orig_lipvq_line_prod_s0	gpu-a100	4000000
2026-08-10T14:35:03+09:00	4677173	e546	dmc_hopper_stand	som_orig_lipvq_line_prod	0	e546_hopper_som_orig_lipvq_line_prod_s0	gpu-a100	4000000
2026-08-10T14:35:05+09:00	4677174	e511	dmc_cartpole_swingup	som_line	1	e511_cartpole_som_line_s1	gpu-a100	4000000
2026-08-10T14:35:08+09:00	4677175	e515	dmc_hopper_stand	som_line	1	e515_hopper_som_line_s1	gpu-a100	4000000
2026-08-10T14:35:10+09:00	4677176	e519	dmc_cartpole_swingup	som_orig_line	1	e519_cartpole_som_orig_line_s1	gpu-a100	4000000
2026-08-10T14:35:12+09:00	4677177	e523	dmc_hopper_stand	som_orig_line	1	e523_hopper_som_orig_line_s1	gpu-a100	4000000
2026-08-10T14:35:14+09:00	4677179	e527	dmc_cartpole_swingup	lipvq_prod	1	e527_cartpole_lipvq_prod_s1	gpu-a100	4000000
2026-08-10T14:35:16+09:00	4677180	e531	dmc_hopper_stand	lipvq_prod	1	e531_hopper_lipvq_prod_s1	gpu-a100	4000000
2026-08-10T14:35:18+09:00	4677181	e535	dmc_cartpole_swingup	som_lipvq_line_prod	1	e535_cartpole_som_lipvq_line_prod_s1	gpu-a100	4000000
2026-08-10T14:35:20+09:00	4677182	e539	dmc_hopper_stand	som_lipvq_line_prod	1	e539_hopper_som_lipvq_line_prod_s1	gpu-a100	4000000
2026-08-10T14:35:22+09:00	4677183	e543	dmc_cartpole_swingup	som_orig_lipvq_line_prod	1	e543_cartpole_som_orig_lipvq_line_prod_s1	gpu-a100	4000000
2026-08-10T14:35:24+09:00	4677184	e547	dmc_hopper_stand	som_orig_lipvq_line_prod	1	e547_hopper_som_orig_lipvq_line_prod_s1	gpu-a100	4000000
2026-08-10T14:35:27+09:00	4677185	e512	dmc_cartpole_swingup	som_line	2	e512_cartpole_som_line_s2	gpu-a100	4000000
2026-08-10T14:35:29+09:00	4677186	e516	dmc_hopper_stand	som_line	2	e516_hopper_som_line_s2	gpu-a100	4000000
2026-08-10T14:35:31+09:00	4677187	e520	dmc_cartpole_swingup	som_orig_line	2	e520_cartpole_som_orig_line_s2	gpu-a100	4000000
2026-08-10T14:35:33+09:00	4677188	e524	dmc_hopper_stand	som_orig_line	2	e524_hopper_som_orig_line_s2	gpu-a100	4000000
2026-08-10T14:35:35+09:00	4677189	e528	dmc_cartpole_swingup	lipvq_prod	2	e528_cartpole_lipvq_prod_s2	gpu-a100	4000000
2026-08-10T14:35:37+09:00	4677190	e532	dmc_hopper_stand	lipvq_prod	2	e532_hopper_lipvq_prod_s2	gpu-a100	4000000
2026-08-10T14:35:39+09:00	4677191	e536	dmc_cartpole_swingup	som_lipvq_line_prod	2	e536_cartpole_som_lipvq_line_prod_s2	gpu-a100	4000000
2026-08-10T14:35:41+09:00	4677192	e540	dmc_hopper_stand	som_lipvq_line_prod	2	e540_hopper_som_lipvq_line_prod_s2	gpu-a100	4000000
2026-08-10T14:35:43+09:00	4677193	e544	dmc_cartpole_swingup	som_orig_lipvq_line_prod	2	e544_cartpole_som_orig_lipvq_line_prod_s2	gpu-a100	4000000
2026-08-10T14:35:45+09:00	4677194	e548	dmc_hopper_stand	som_orig_lipvq_line_prod	2	e548_hopper_som_orig_lipvq_line_prod_s2	gpu-a100	4000000
2026-08-10T14:35:48+09:00	4677195	e513	dmc_cartpole_swingup	som_line	3	e513_cartpole_som_line_s3	gpu-a100	4000000
2026-08-10T14:35:50+09:00	4677196	e517	dmc_hopper_stand	som_line	3	e517_hopper_som_line_s3	gpu-a100	4000000
2026-08-12T00:49:05+09:00	4677812	e521	dmc_cartpole_swingup	som_orig_line	3	e521_cartpole_som_orig_line_s3	gpu-a100	4000000
2026-08-12T00:49:07+09:00	4677813	e525	dmc_hopper_stand	som_orig_line	3	e525_hopper_som_orig_line_s3	gpu-a100	4000000
2026-08-12T00:49:09+09:00	4677814	e529	dmc_cartpole_swingup	lipvq_prod	3	e529_cartpole_lipvq_prod_s3	gpu-a100	4000000
2026-08-12T00:49:11+09:00	4677815	e533	dmc_hopper_stand	lipvq_prod	3	e533_hopper_lipvq_prod_s3	gpu-a100	4000000
2026-08-12T00:49:13+09:00	4677816	e537	dmc_cartpole_swingup	som_lipvq_line_prod	3	e537_cartpole_som_lipvq_line_prod_s3	gpu-a100	4000000
2026-08-12T00:49:15+09:00	4677817	e541	dmc_hopper_stand	som_lipvq_line_prod	3	e541_hopper_som_lipvq_line_prod_s3	gpu-a100	4000000
2026-08-12T00:49:18+09:00	4677818	e545	dmc_cartpole_swingup	som_orig_lipvq_line_prod	3	e545_cartpole_som_orig_lipvq_line_prod_s3	gpu-a100	4000000
2026-08-12T00:49:20+09:00	4677819	e549	dmc_hopper_stand	som_orig_lipvq_line_prod	3	e549_hopper_som_orig_lipvq_line_prod_s3	gpu-a100	4000000
2026-08-12T00:49:31+09:00	4677820	e550	dmc_cartpole_swingup_sparse	director	0	e550_cpsparse_director_s0	gpu-a100	4000000
2026-08-12T00:49:33+09:00	4677821	e554	dmc_cheetah_run	director	0	e554_cheetah_director_s0	gpu-a100	4000000
2026-08-12T00:49:35+09:00	4677822	e551	dmc_cartpole_swingup_sparse	director	1	e551_cpsparse_director_s1	gpu-a100	4000000
2026-08-12T00:49:37+09:00	4677823	e555	dmc_cheetah_run	director	1	e555_cheetah_director_s1	gpu-a100	4000000
2026-08-12T00:49:39+09:00	4677824	e552	dmc_cartpole_swingup_sparse	director	2	e552_cpsparse_director_s2	gpu-a100	4000000
2026-08-12T00:49:41+09:00	4677825	e556	dmc_cheetah_run	director	2	e556_cheetah_director_s2	gpu-a100	4000000
2026-08-12T00:49:44+09:00	4677826	e553	dmc_cartpole_swingup_sparse	director	3	e553_cpsparse_director_s3	gpu-a100	4000000
2026-08-12T00:49:46+09:00	4677827	e557	dmc_cheetah_run	director	3	e557_cheetah_director_s3	gpu-a100	4000000
