2026-08-24T13:45:44+09:00	e628	4699176	pinpad_six	som_lipvq_line_relu_studentt	0
2026-08-24T13:45:46+09:00	e629	4699177	pinpad_six	som_lipvq_line_relu_studentt	1
2026-08-24T13:45:48+09:00	e630	4699178	dmc_cheetah_run	som_lipvq_line_relu_studentt	0
2026-08-24T13:45:50+09:00	e631	4699179	dmc_cheetah_run	som_lipvq_line_relu_studentt	1
2026-08-24T13:45:52+09:00	e632	4699180	pinpad_five	director	0
2026-08-24T13:45:54+09:00	e633	4699181	pinpad_five	director	1
2026-08-24T13:45:56+09:00	e634	4699182	pinpad_five	som_lipvq_line_relu_studentt	0
2026-08-24T13:45:58+09:00	e635	4699183	pinpad_five	som_lipvq_line_relu_studentt	1
2026-08-24T14:28:41+09:00	e628	4699190	pinpad_six	som_lipvq_line_relu_studentt	0	RESUBMIT_target0.7
2026-08-24T14:28:43+09:00	e629	4699191	pinpad_six	som_lipvq_line_relu_studentt	1	RESUBMIT_target0.7
2026-08-24T14:28:45+09:00	e630	4699192	dmc_cheetah_run	som_lipvq_line_relu_studentt	0	RESUBMIT_target0.7
2026-08-24T14:28:47+09:00	e631	4699193	dmc_cheetah_run	som_lipvq_line_relu_studentt	1	RESUBMIT_target0.7
2026-08-24T14:28:49+09:00	e634	4699194	pinpad_five	som_lipvq_line_relu_studentt	0	RESUBMIT_target0.7
2026-08-24T14:28:51+09:00	e635	4699195	pinpad_five	som_lipvq_line_relu_studentt	1	RESUBMIT_target0.7
