e1071	4742669	gpu-p100	2026-10-03 05:23:02 step=3712784
e1072	4742670	gpu-p100	2026-10-03 05:23:02 step=3958512
e1073	4742671	gpu-p100	2026-10-03 05:23:03 step=3619472
e1086	4742923	gpu-a100	2026-10-03 14:51:01 step=3583056
e1088	4742931	gpu-a100	2026-10-03 15:41:16 step=3717120
e1094	4742932	gpu-p100	2026-10-03 15:41:17 step=3867952
e1089	4742933	gpu-a100	2026-10-03 15:46:18 step=3766080
e1091	4742934	gpu-a100	2026-10-03 15:46:18 step=3519120
e1083	4742936	gpu-p100	2026-10-03 15:51:19 step=1498400
e1087	4742939	gpu-p100	2026-10-03 16:26:29 step=3908656
e1090	4742944	gpu-p100	2026-10-03 17:15:07 step=3911152
e1092	4742949	gpu-a100	2026-10-03 17:40:15 step=3882640
e1081	4743079	gpu-a100	2026-10-04 00:56:42 step=3989872
e1095		gpu-a100	2026-10-05 14:16:57 step=1425440
e1096		gpu-a100	2026-10-05 14:18:00 step=1476464
e1097		gpu-a100	2026-10-05 14:19:03 step=1497376
e1098		gpu-a100	2026-10-05 14:20:07 step=1477328
e1099		gpu-a100	2026-10-05 14:21:10 step=1512128
e1100		gpu-a100	2026-10-05 14:22:13 step=1455920
e1101		gpu-a100	2026-10-05 14:23:16 step=1511472
e1102		gpu-a100	2026-10-05 14:24:19 step=1492432
e1095		gpu-a100	2026-10-05 14:30:23 step=1511408
e1096		gpu-a100	2026-10-05 14:31:26 step=1552208
e1097		gpu-a100	2026-10-05 14:32:29 step=1586800
e1098		gpu-a100	2026-10-05 14:33:32 step=1565840
e1099		gpu-a100	2026-10-05 14:34:36 step=1601856
e1100		gpu-a100	2026-10-05 14:35:39 step=1529296
e1101		gpu-a100	2026-10-05 14:36:42 step=1600464
e1102		gpu-a100	2026-10-05 14:37:45 step=1579760
e1095		gpu-a100	2026-10-05 14:43:49 step=1585376
e1096		gpu-a100	2026-10-05 14:44:52 step=1640800
e1097		gpu-a100	2026-10-05 14:45:55 step=1663360
e1098		gpu-a100	2026-10-05 14:46:58 step=1654656
e1099		gpu-a100	2026-10-05 14:48:02 step=1678576
