array_job	task_idx	exp	config	task	seed
4751548	0	e1300	director mgr_expl_perc002 pubmatch	pinpad_four	0
4751548	1	e1301	director mgr_expl_perc002 pubmatch	pinpad_five	0
4751548	2	e1302	director mgr_expl_perc002 pubmatch	pinpad_six	0
4751548	3	e1303	director mgr_expl_perc002 pubmatch	dmc_cartpole_swingup	0
4751548	4	e1304	director mgr_expl_perc002 pubmatch	dmc_cheetah_run	0
4751548	5	e1305	director mgr_expl_perc002 pubmatch	dmc_hopper_hop	0
4751548	6	e1306	director mgr_expl_perc002 pubmatch	pinpad_four	1
4751548	7	e1307	director mgr_expl_perc002 pubmatch	pinpad_five	1
4751548	8	e1308	director mgr_expl_perc002 pubmatch	pinpad_six	1
4751548	9	e1309	director mgr_expl_perc002 pubmatch	dmc_cartpole_swingup	1
4751548	10	e1310	director mgr_expl_perc002 pubmatch	dmc_cheetah_run	1
4751548	11	e1311	director mgr_expl_perc002 pubmatch	dmc_hopper_hop	1
4751548	12	e1312	director mgr_expl_perc002 pubmatch	pinpad_four	2
4751548	13	e1313	director mgr_expl_perc002 pubmatch	pinpad_five	2
4751548	14	e1314	director mgr_expl_perc002 pubmatch	pinpad_six	2
4751548	15	e1315	director mgr_expl_perc002 pubmatch	dmc_cartpole_swingup	2
4751548	16	e1316	director mgr_expl_perc002 pubmatch	dmc_cheetah_run	2
4751548	17	e1317	director mgr_expl_perc002 pubmatch	dmc_hopper_hop	2
4751548	18	e1318	director mgr_expl_perc002 pubmatch	pinpad_four	3
4751548	19	e1319	director mgr_expl_perc002 pubmatch	pinpad_five	3
4751548	20	e1320	director mgr_expl_perc002 pubmatch	pinpad_six	3
4751548	21	e1321	director mgr_expl_perc002 pubmatch	dmc_cartpole_swingup	3
4751548	22	e1322	director mgr_expl_perc002 pubmatch	dmc_cheetah_run	3
4751548	23	e1323	director mgr_expl_perc002 pubmatch	dmc_hopper_hop	3
4751548	24	e1324	director mgr_expl_perc002 pubmatch	pinpad_four	4
4751548	25	e1325	director mgr_expl_perc002 pubmatch	pinpad_five	4
4751548	26	e1326	director mgr_expl_perc002 pubmatch	pinpad_six	4
4751548	27	e1327	director mgr_expl_perc002 pubmatch	dmc_cartpole_swingup	4
4751548	28	e1328	director mgr_expl_perc002 pubmatch	dmc_cheetah_run	4
4751548	29	e1329	director mgr_expl_perc002 pubmatch	dmc_hopper_hop	4
