exp,env,size,works?,score,blk/step,struct,goal mask,goal length,reward agg,wkr countdown,mask ratchet
e46†,cartpole,small,✅,724 (755),1.00,200,off,var τ8 (reg),mean,no,no
e349,cheetah,BIG,"~ RUNNING, e333 rerun under replay-trailing-state fix (dur-fixed noop)",- (-),2.25,0,off,"var, no prior (reg0)","sum, block-rew, relabel, imag16",no,no
e348,hopper,BIG,"~ RUNNING, e332 rerun under replay-trailing-state fix (dur-fixed noop)",- (-),1.59,0,off,"var, no prior (reg0)","sum, block-rew, relabel, imag16",no,no
e347,cheetah,BIG,"~ RUNNING, e331 rerun under replay-trailing-state fix (dur-fixed noop)",- (-),0.99,0,off,var τ8 (lagr),"sum, block-rew, no relabel, imag16",no,no
e346,hopper,BIG,"~ RUNNING, e330 rerun under replay-trailing-state fix (dur-fixed noop)",- (-),0.99,0,off,var τ8 (lagr),"sum, block-rew, no relabel, imag16",no,no
e345,cheetah,BIG,"~ RUNNING, e327 rerun under replay-trailing-state fix (dur-fixed noop)",- (-),1.00,0,off,var τ8 (lagr),"sum, block-rew, relabel, imag16",no,no
e344,hopper,BIG,"~ RUNNING, e326 rerun under replay-trailing-state fix (dur-fixed noop)",- (-),0.99,0,off,var τ8 (lagr),"sum, block-rew, relabel, imag16",no,no
e343,cheetah,BIG,"~ RUNNING, e335 rerun under BOTH agent.py fixes (duration REINFORCE + replay trailing-state)",- (-),1.00,0,off,fixed@8 (no controller),"mean, block-rew, imag16",no,no
e342,hopper,BIG,"~ RUNNING, e334 rerun under BOTH agent.py fixes (duration REINFORCE + replay trailing-state)",- (-),1.00,0,off,fixed@8 (no controller),"mean, block-rew, imag16",no,no
e341,cheetah,BIG,"~ finished@4M, alive, decayed from an early (600k) peak, worker countdown ~no effect",57.4 (164.1),1.00,0,off,var τ8 (lagr),"sum, block-rew, relabel, imag16",yes,no
e340,hopper,BIG,"❌ finished@4M, hopper still ~dead (nominal 1.04, no real rescue), worker countdown no effect",1.04 (17.7),1.00,0,off,var τ8 (lagr),"sum, block-rew, relabel, imag16",yes,no
e339,cheetah,BIG,"~ finished@4M, alive but weak, still climbing at cutoff",14.3 (49.2),1.01,0,off,var τ8 (lagr),"mean, block-rew, no relabel, imag16",no,no
e338,hopper,BIG,"❌ finished@4M, hopper dead floor, mean+no-relabel no rescue",0.16 (14.2),1.00,0,off,var τ8 (lagr),"mean, block-rew, no relabel, imag16",no,no
e337,cheetah,BIG,"~ finished@4M, alive, stable, still climbing at cutoff",60.2 (153.8),1.01,0,off,var τ8 (lagr),"mean, block-rew, relabel, imag16",no,no
e336,hopper,BIG,"❌ finished@4M, hopper dead floor, mean-agg no rescue",0.18 (18.9),1.01,0,off,var τ8 (lagr),"mean, block-rew, relabel, imag16",no,no
e335,cheetah,BIG,"❌ finished@4M, EQUIVALENCE CHECK FAILS: cheetah far below Director baseline (25 vs e246's 352)",25.2 (58.7),1.00,0,off,fixed@8 (no controller),"mean, block-rew, imag16",no,no
e334,hopper,BIG,"❌ finished@4M, EQUIVALENCE CHECK FAILS: hopper still dead pinned to dur=8",0.06 (13.7),1.00,0,off,fixed@8 (no controller),"mean, block-rew, imag16",no,no
e333,cheetah,BIG,"❌ finished@4M, duration collapsed to 3.55 (no anchor) — WORST cheetah cell",6.9 (113.4),2.25,0,off,"var, no prior (reg0)","sum, block-rew, relabel, imag16",no,no
e332,hopper,BIG,"❌ finished@4M, hopper dead floor, no-anchor no rescue",0.23 (13.3),1.59,0,off,"var, no prior (reg0)","sum, block-rew, relabel, imag16",no,no
e331,cheetah,BIG,"✅ finished@4M, BEST cheetah cell in matrix, stable/rising — relabel OFF beats relabel ON (e327)",124.7 (216.6),0.99,0,off,var τ8 (lagr),"sum, block-rew, no relabel, imag16",no,no
e330,hopper,BIG,"❌ finished@4M, hopper dead floor, relabel-OFF no rescue",0.27 (11.9),0.99,0,off,var τ8 (lagr),"sum, block-rew, no relabel, imag16",no,no
e329,cheetah,BIG,"~ finished@4M, alive and stable (no late collapse, unlike imag16 twin e327)",46.1 (123.4),1.01,0,off,var τ8 (lagr),"sum, block-rew, relabel, imag32",no,no
e328,hopper,BIG,"❌ finished@4M, hopper dead floor, imag32 no rescue",0.25 (14.8),1.01,0,off,var τ8 (lagr),"sum, block-rew, relabel, imag32",no,no
e327,cheetah,BIG,"~ finished@4M, alive but collapsed late (peak196→trail50 7.3)",50.8 (196.0),1.00,0,off,var τ8 (lagr),"sum, block-rew, relabel, imag16",no,no
e326,hopper,BIG,"❌ finished@4M, hopper dead floor (BOTH FIXES)",0.08 (9.2),0.99,0,off,var τ8 (lagr),"sum, block-rew, relabel, imag16",no,no
e325,acrobot,BIG,descoped (pure Director ground truth not needed; see e334/e335),- (-),1.00,0,off,fix 8,mean,no,no
e324,hopper,BIG,descoped (pure Director ground truth not needed; see e334/e335),- (-),1.00,0,off,fix 8,mean,no,no
e323,cheetah,BIG,descoped (pure Director ground truth not needed; see e334/e335),- (-),1.00,0,off,fix 8,mean,no,no
e322,cartpole,BIG,descoped (pure Director ground truth not needed; see e334/e335),- (-),1.00,0,off,fix 8,mean,no,no
e321,cheetah,BIG,"❌ cancelled @~0%, PARTIAL-FIX ONLY, superseded by e333",- (-),1.00,0,off,"var, no prior (reg0)","sum, block-rew, relabel, imag16",no,no
e320,hopper,BIG,"❌ cancelled @~0%, PARTIAL-FIX ONLY, superseded by e332",- (-),1.00,0,off,"var, no prior (reg0)","sum, block-rew, relabel, imag16",no,no
e319,cheetah,BIG,"❌ cancelled @~0%, PARTIAL-FIX ONLY, superseded by e331",- (-),1.00,0,off,var τ8 (lagr),"sum, block-rew, no relabel, imag16",no,no
e318,hopper,BIG,"❌ cancelled @~0%, PARTIAL-FIX ONLY, superseded by e330",- (-),1.00,0,off,var τ8 (lagr),"sum, block-rew, no relabel, imag16",no,no
e317,cheetah,BIG,"❌ cancelled @~0%, PARTIAL-FIX ONLY, superseded by e329",- (-),1.00,0,off,var τ8 (lagr),"sum, block-rew, relabel, imag32",no,no
e316,hopper,BIG,"❌ cancelled @~0%, PARTIAL-FIX ONLY, superseded by e328",- (-),1.00,0,off,var τ8 (lagr),"sum, block-rew, relabel, imag32",no,no
e315,cheetah,BIG,"❌ cancelled @~0%, PARTIAL-FIX ONLY, superseded by e327",- (-),1.00,0,off,var τ8 (lagr),"sum, block-rew, relabel, imag16",no,no
e314,hopper,BIG,"❌ cancelled @~0%, PARTIAL-FIX ONLY (n_blocks fix, missing cont-identity fix), superseded by e326",- (-),1.00,0,off,var τ8 (lagr),"sum, block-rew, relabel, imag16",no,no
e313,acrobot,BIG,"❌ RUNNING @58%, decayed earlier/harder than e295 (reuse-on) — struct-only doesn't rescue acrobot either",4.6 (283.6),1.00,"200+adapt(dual, target0.01)",off,fix 8,mean,no,no
e312,cartpole,BIG,"~ RUNNING @66%, AHEAD of e294 (reuse-off) — tentative reuse-costs-cartpole signal",695.1 (766.0),1.00,"200+adapt(dual, target0.01)",off,fix 8,mean,no,no
e311,cheetah,BIG,"~ cancelled @55%, PRE-FIX (n_blocks bug), not superseded (mean-agg leg dropped)",26.4 (45.4),1.01,0,off,var τ8 (lagr),"mean, block-rew, no relabel, imag16",no,no
e310,hopper,BIG,"❌ cancelled @55%, PRE-FIX (n_blocks bug), not superseded (mean-agg leg dropped)",0.49 (14.7),1.02,0,off,var τ8 (lagr),"mean, block-rew, no relabel, imag16",no,no
e309,cheetah,BIG,"~ cancelled @55%, PRE-FIX (n_blocks bug), superseded by e319",32.8 (53.1),1.01,0,off,var τ8 (lagr),"sum, block-rew, no relabel, imag16",no,no
e308,hopper,BIG,"❌ cancelled @55%, PRE-FIX (n_blocks bug), superseded by e318",3.86 (89.8),1.00,0,off,var τ8 (lagr),"sum, block-rew, no relabel, imag16",no,no
e307,cheetah,BIG,"~ cancelled @51%, PRE-FIX (n_blocks bug), superseded by e317",56.3 (79.3),0.93,0,off,var τ8 (lagr),"sum, block-rew, relabel, imag32",no,no
e306,hopper,BIG,"❌ cancelled @51%, PRE-FIX (n_blocks bug), superseded by e316",0.08 (12.0),0.98,0,off,var τ8 (lagr),"sum, block-rew, relabel, imag32",no,no
e305,cheetah,BIG,"~ cancelled @55%, PRE-FIX (n_blocks bug), superseded by e315",61.4 (80.0),0.84,0,off,var τ8 (lagr),"sum, block-rew, relabel, imag16",no,no
e304,hopper,BIG,"❌ cancelled @55%, PRE-FIX (n_blocks bug), superseded by e314",0.68 (15.8),0.99,0,off,var τ8 (lagr),"sum, block-rew, relabel, imag16",no,no
e303,cheetah,BIG,✅ cancelled @58%,194.5 (245.0),1.01,0,off,var τ8 (lagr),mean,no,no
e302,cheetah,BIG,✅ cancelled @59%,107.6 (169.7),2.04,0,off,var τ4 (lagr),mean,no,no
e301,cartpole,BIG,✅ cancelled @59%,850.0 (865.5),1.00,0,off,var τ8 (lagr),mean,no,no
e300,cartpole,BIG,✅ cancelled @60%,616.2 (662.9),1.98,0,off,var τ4 (lagr),mean,no,no
e299,acrobot,BIG,"~ cancelled @70%, decayed from peak",22.3 (165.3),0.99,0,off,var τ8 (lagr),mean,no,no
e298,acrobot,BIG,"❌ cancelled @73%, decayed from peak",2.8 (153.9),1.97,0,off,var τ4 (lagr),mean,no,no
e297,hopper,BIG,"❌ cancelled @75%, dead floor",1.21 (15.5),1.00,0,off,var τ8 (lagr),mean,no,no
e296,hopper,BIG,"❌ cancelled @74%, dead floor",0.09 (8.1),2.05,0,off,var τ4 (lagr),mean,no,no
e295,acrobot,BIG,"❌ finished@4M, fully decayed — confirms F12 acrobot failure, no rescue",19.2 (347.6),1.00,"200+adapt(dual, target0.01)",softreuse struct+ratchet ov→0.5,fix 8,mean,no,no
e294,cartpole,BIG,"~ finished@4M, settles just under cartpole's ≥650 band, trailing off its own peak",639.5 (754.4),1.00,"200+adapt(dual, target0.01)",softreuse struct+ratchet ov→0.5,fix 8,mean,no,no
e293,cheetah,small,✅,259.2 (342.1),1.00,0,softreuse ratchet-only ov→0.5,fix 8,mean,no,no
e292,cheetah,small,~,107.0 (191.8),1.00,"200+adapt(dual, target0.01)",softreuse struct+ratchet ov→0.5,fix 8,mean,no,no
e291,cheetah,BIG,~,160.6 (214.8),1.00,0,softreuse ratchet-only ov→0.5,fix 8,mean,no,no
e290,cheetah,BIG,✅,325.9 (449.4),1.00,"200+adapt(dual, target0.01)",softreuse struct+ratchet ov→0.5,fix 8,mean,no,no
e289,hopper,small,"❌ cancelled @98%, dead floor",- (76.2),1.00,0,softreuse ratchet-only ov→0.5,fix 8,mean,no,no
e288,hopper,small,"❌ cancelled @84%, dead floor",- (15.6),1.00,"200+adapt(dual, target0.01)",softreuse struct+ratchet ov→0.5,fix 8,mean,no,no
e287,hopper,BIG,✅,199.4 (298.8),1.00,0,softreuse ratchet-only ov→0.5,fix 8,mean,no,no
e286,hopper,BIG,✅ (above baseline),330.5 (430.6),1.00,"200+adapt(dual, target0.01)",softreuse struct+ratchet ov→0.5,fix 8,mean,no,no
e285,cheetah,small,✅,180.1 (289.3),1.00,0,reuseB sim→0.8,fix 8,mean,no,no
e284,cheetah,BIG,✅ (still rising),198.2 (226.6),1.00,0,reuseB sim→0.8,fix 8,mean,no,no
e283,hopper,small,"❌ cancelled @84%, dead floor",- (28.6),1.00,0,reuseB sim→0.8,fix 8,mean,no,no
e282,hopper,BIG,❌ terminal collapse @98.6%,230.2→1.6 (347.3),1.00,0,reuseB sim→0.8,fix 8,mean,no,no
e281,cheetah,small,✅,292.9 (351.7),1.00,0,reuseA sim→0.8,fix 8,mean,no,no
e280,cheetah,BIG,✅,296.6 (333.0),1.00,0,reuseA sim→0.8,fix 8,mean,no,no
e279,hopper,small,"❌ cancelled @84%, dead floor",- (14.9),1.00,0,reuseA sim→0.8,fix 8,mean,no,no
e278,hopper,BIG,"~ (noisy, never settles)",163.0 (326.8),1.00,0,reuseA sim→0.8,fix 8,mean,no,no
e277,cheetah,small,❌,7.57 (132),1.00,0,reuseB sim→0.95,fix 8,mean,no,no
e276,cheetah,BIG,❌,7.24 (175),1.00,0,reuseB sim→0.95,fix 8,mean,no,no
e275,hopper,small,❌,0.001 (28),1.00,0,reuseB sim→0.95,fix 8,mean,no,no
e274,hopper,BIG,❌,0.004 (138),1.00,0,reuseB sim→0.95,fix 8,mean,no,no
e273,cheetah,small,~,111.3 (155),1.00,0,softreuse ratchet-only ov→0.7,fix 8,mean,no,no
e272,cheetah,small,~,73.3 (151),1.00,"200+adapt(dual, target0.01)",softreuse struct+ratchet ov→0.7,fix 8,mean,no,no
e271,cheetah,BIG,~,182.0 (365),1.00,0,softreuse ratchet-only ov→0.7,fix 8,mean,no,no
e270,cheetah,BIG,~,70.4 (113),1.00,"200+adapt(dual, target0.01)",softreuse struct+ratchet ov→0.7,fix 8,mean,no,no
e269,hopper,small,❌,0.004 (44),1.00,0,softreuse ratchet-only ov→0.7,fix 8,mean,no,no
e268,hopper,small,❌,0.30 (14),1.00,"200+adapt(dual, target0.01)",softreuse struct+ratchet ov→0.7,fix 8,mean,no,no
e267,hopper,BIG,❌,0.19 (51),1.00,0,softreuse ratchet-only ov→0.7,fix 8,mean,no,no
e266,hopper,BIG,❌,1.75 (209),1.00,"200+adapt(dual, target0.01)",softreuse struct+ratchet ov→0.7,fix 8,mean,no,no
e265,cheetah,small,"❌ cancelled ~3h10m, no readout",-,-,0,reuseA delta sim→0.95,fix 8,mean,no,no
e264,cheetah,small,❌,3.47 (138),1.00,0,reuseA sim→0.95,fix 8,mean,no,no
e263,cheetah,BIG,"❌ cancelled ~3h10m, no readout",-,-,0,reuseA delta sim→0.95,fix 8,mean,no,no
e262,cheetah,BIG,❌,1.85 (203),1.00,0,reuseA sim→0.95,fix 8,mean,no,no
e261,hopper,small,"❌ cancelled ~3h10m, no readout",-,-,0,reuseA delta sim→0.95,fix 8,mean,no,no
e260,hopper,small,❌,0.002 (17),1.00,0,reuseA sim→0.95,fix 8,mean,no,no
e259,hopper,BIG,"❌ cancelled ~3h10m, no readout",-,-,0,reuseA delta sim→0.95,fix 8,mean,no,no
e258,hopper,BIG,❌,0.001 (51),1.00,0,reuseA sim→0.95,fix 8,mean,no,no
e257,cheetah,small,"❌ cancelled ~3.5h, no readout",-,-,0,impl delta ratchet→0.7kept,fix 8,mean,no,yes
e256,cheetah,small,"❌ cancelled ~3.5h, no readout",-,-,"200+adapt(dual, target0.01)",impl delta struct+ratchet→0.7kept,fix 8,mean,no,yes
e255,cheetah,BIG,"❌ cancelled ~3.5h, no readout",-,-,0,impl delta ratchet→0.7kept,fix 8,mean,no,yes
e254,cheetah,BIG,"❌ cancelled ~3.5h, no readout",-,-,"200+adapt(dual, target0.01)",impl delta struct+ratchet→0.7kept,fix 8,mean,no,yes
e253,hopper,small,"❌ cancelled ~3.5h, no readout",-,-,0,impl delta ratchet→0.7kept,fix 8,mean,no,yes
e252,hopper,small,"❌ cancelled ~3.5h, no readout",-,-,"200+adapt(dual, target0.01)",impl delta struct+ratchet→0.7kept,fix 8,mean,no,yes
e251,hopper,BIG,"❌ cancelled ~3.5h, no readout",-,-,0,impl delta ratchet→0.7kept,fix 8,mean,no,yes
e250,hopper,BIG,"❌ cancelled ~3.5h, no readout",-,-,"200+adapt(dual, target0.01)",impl delta struct+ratchet→0.7kept,fix 8,mean,no,yes
e249§,cheetah,BIG,❌,3.4 (7.9),"n/a (kept 0.55, λ railed 5.0)",0,impl direct 0.7kept,fix 8,mean,no,no
e248§,cheetah,BIG,❌,4.1 (8.6),"n/a (kept 0.53, λ railed 5.0)",0,impl ratchet→0.7kept,fix 8,mean,no,yes
e247§,cheetah,BIG,❌,3.4 (6.1),"n/a (kept 0.52, λ railed 5.0)","200+adapt(dual, target0.01)",impl struct+ratchet→0.7kept,fix 8,mean,no,yes
e246§,cheetah,BIG,"✅ finished@4M, holds within e123-class Director band",352.4 (420.9),n/a (no mask; kept 0.20),"200+adapt(dual, target0.01)",impl struct-only,fix 8,mean,no,no
e245§,hopper,BIG,❌,0.0 (0.6),"n/a (kept 0.51, λ railed 5.0)",0,impl direct 0.7kept,fix 8,mean,no,no
e244§,hopper,BIG,❌,0.0 (1.0),"n/a (kept 0.49, λ railed 5.0)",0,impl ratchet→0.7kept,fix 8,mean,no,yes
e243§,hopper,BIG,❌,0.0 (0.2),"n/a (kept 0.53, λ railed 5.0)","200+adapt(dual, target0.01)",impl struct+ratchet→0.7kept,fix 8,mean,no,yes
e242§,hopper,BIG,"❌ finished@4M, decayed from peak (never closed gap to e124 baseline ≈300)",90.8 (219.9),n/a (no mask; kept 0.38),"200+adapt(dual, target0.01)",impl struct-only,fix 8,mean,no,no
e241§,cheetah,small,❌,1.4 (4.2),"n/a (kept 0.56, λ railed 5.0)",0,impl direct 0.7kept,fix 8,mean,no,no
e240§,cheetah,small,❌,2.2 (4.6),"n/a (kept 0.51, λ railed 5.0)",0,impl ratchet→0.7kept,fix 8,mean,no,yes
e239§,cheetah,small,❌,3.0 (5.0),"n/a (kept 0.56, λ railed 5.0)","200+adapt(dual, target0.01)",impl struct+ratchet→0.7kept,fix 8,mean,no,yes
e238§,cheetah,small,~ (below Director-at-1M),117.8 (159.0),n/a (no mask; kept 0.26),"200+adapt(dual, target0.01)",impl struct-only,fix 8,mean,no,no
e237§,hopper,small,❌,0.0 (0.5),"n/a (kept 0.56, λ railed 5.0)",0,impl direct 0.7kept,fix 8,mean,no,no
e236§,hopper,small,❌,0.0 (0.6),"n/a (kept 0.56, λ railed 5.0)",0,impl ratchet→0.7kept,fix 8,mean,no,yes
e235§,hopper,small,❌,0.0 (0.7),"n/a (kept 0.56, λ railed 5.0)","200+adapt(dual, target0.01)",impl struct+ratchet→0.7kept,fix 8,mean,no,yes
e234§,hopper,small,"~ (F15 floor, uninformative)",1.9 (46.5),n/a (no mask; kept 0.36),"200+adapt(dual, target0.01)",impl struct-only,fix 8,mean,no,no
e233‡,hopper,BIG,"~ cancelled @17%, ≫ e228 at 1/5 budget",215 (216),"0.68 (ramping to 0.5, cut early)","200+adapt(dual, target0.01)",joint ratchet→0.5,fix 8,mean,no,yes
e232‡,cheetah,BIG,"~ cancelled @16%, > e224/e225 already",173 (178),"0.69 (ramping to 0.5, cut early)","200+adapt(dual, target0.01)",joint ratchet→0.5,fix 8,mean,no,yes
e231‡,acrobot,BIG,"~ cancelled @15%, weak but alive",54 (84),"0.71 (ramping to 0.5, cut early)","200+adapt(dual, target0.01)",joint ratchet→0.5,fix 8,mean,no,yes
e230‡,cartpole,BIG,"~ cancelled @17%, still climbing",435 (479),"0.68 (ramping to 0.5, cut early)","200+adapt(dual, target0.01)",joint ratchet→0.5,fix 8,mean,no,yes
e229‡,hopper,BIG,❌ cancelled 07-15 (collapsed),4 (268),~0.31,"200+adapt(dual, target0.006)",joint ratchet→0.3,fix 8,mean,no,yes
e228‡,hopper,BIG,❌ cancelled 07-15,22 (52),0.30,0,joint ratchet→0.3,fix 8,mean,no,yes
e227‡,hopper,BIG,"❌ (was ~ @65%, now declined)",19 (165),0.94,"200+adapt(dual, target0.006)",joint free,fix 8,mean,no,no
e226‡,hopper,BIG,"~ (was ✅ @65%, now declining)",87 (302),0.96,0,joint free,fix 8,mean,no,no
e225‡,cheetah,BIG,❌ cancelled 07-15,79 (201),0.30,"200+adapt(dual, target0.006)",joint ratchet→0.3,fix 8,mean,no,yes
e224‡,cheetah,BIG,❌ cancelled 07-15,134 (143),0.32,0,joint ratchet→0.3,fix 8,mean,no,yes
e223‡,cheetah,BIG,✅,360 (455),0.95,"200+adapt(dual, target0.006)",joint free,fix 8,mean,no,no
e222‡,cheetah,BIG,✅,425 (438),0.96,0,joint free,fix 8,mean,no,no
e221‡,hopper,small,❌,8 (21),0.30,"200+adapt(dual, target0.006)",joint ratchet→0.3,fix 8,mean,no,yes
e220‡,hopper,small,❌,20 (81),0.30,0,joint ratchet→0.3,fix 8,mean,no,yes
e219‡,hopper,small,~,60 (117),0.94,"200+adapt(dual, target0.006)",joint free,fix 8,mean,no,no
e218‡,hopper,small,❌,0.6 (125),0.93,0,joint free,fix 8,mean,no,no
e217‡,cheetah,small,❌,44 (66),0.31,"200+adapt(dual, target0.006)",joint ratchet→0.3,fix 8,mean,no,yes
e216‡,cheetah,small,~,124 (239),0.30,0,joint ratchet→0.3,fix 8,mean,no,yes
e215‡,cheetah,small,✅,159 (197),0.82,"200+adapt(dual, target0.006)",joint free,fix 8,mean,no,no
e214‡,cheetah,small,✅,151 (169),0.83,0,joint free,fix 8,mean,no,no
e213,hopper,small,❌,2 (40),1.00,0,off,fix 8,mean,no,no
e212,cheetah,small,"~ (noisy, windowed trend rising ~140)",71 (193),1.00,0,off,fix 8,mean,no,no
e211,acrobot,BIG,"❌ cancelled, no results (freed for e212+)",-,-,"200+adapt(dual, target0.006)",prob_entropy,var τ8 (lagr),mean,yes,yes
e210,acrobot,small,"❌ cancelled, no results (freed for e212+)",-,-,"200+adapt(dual, target0.006)",prob_entropy,var τ8 (lagr),mean,yes,yes
e209,hopper,BIG,"❌ cancelled, no results (freed for e212+)",-,-,"200+adapt(dual, target0.006)",prob_entropy,var τ8 (lagr),mean,yes,yes
e208,hopper,small,"❌ cancelled, no results (freed for e212+)",-,-,"200+adapt(dual, target0.006)",prob_entropy,var τ8 (lagr),mean,yes,yes
e207,cheetah,BIG,"❌ cancelled, no results (freed for e212+)",-,-,"200+adapt(dual, target0.006)",prob_entropy,var τ8 (lagr),mean,yes,yes
e206,cheetah,small,"❌ cancelled, no results (freed for e212+)",-,-,"200+adapt(dual, target0.006)",prob_entropy,var τ8 (lagr),mean,yes,yes
e205,cartpole,BIG,"❌ cancelled, no results (freed for e212+)",-,-,"200+adapt(dual, target0.006)",prob_entropy,var τ8 (lagr),mean,yes,yes
e204,cartpole,small,"❌ cancelled, no results (freed for e212+)",-,-,"200+adapt(dual, target0.006)",prob_entropy,var τ8 (lagr),mean,yes,yes
e203,acrobot,BIG,"❌ cancelled, no results (freed for e212+)",-,-,"200+adapt(dual, target0.006)",prob_entropy,var τ8 (lagr),mean,yes,no
e202,hopper,BIG,"❌ cancelled, no results (freed for e212+)",-,-,"200+adapt(dual, target0.006)",prob_entropy,var τ8 (lagr),mean,yes,no
e201,cheetah,BIG,"❌ cancelled, no results (freed for e212+)",-,-,"200+adapt(dual, target0.006)",prob_entropy,var τ8 (lagr),mean,yes,no
e200,cartpole,BIG,"❌ cancelled, no results (freed for e212+)",-,-,"200+adapt(dual, target0.006)",prob_entropy,var τ8 (lagr),mean,yes,no
e199,acrobot,small,❌,3.4 (21.9),0.60,200+adapt,prob_entropy,var τ4 (lagr),mean,yes,no
e198,cheetah,small,❌,100 (122),1.17,200+adapt,prob_entropy,var τ4 (lagr),mean,yes,no
e197,hopper,small,❌,0.23 (3.1),1.07,200+adapt,prob_entropy,var τ4 (lagr),mean,yes,no
e196,cartpole,small,✅,648 (683),0.71,200+adapt,prob_entropy,var τ4 (lagr),mean,yes,no
e195,cartpole,small,~,175 (352),2.00,200+adapt,off,var τ4 (reg),mean,no,no
e194,cartpole,small,❌,152 (285),1.00,0,off,var τ8 (reg),mean,no,no
e193,cartpole,small,❌,42 (203),2.00,200,off,var τ4 (reg),mean,no,no
e192,acrobot,BIG,❌,8.1 (19.4),1.00,0,off,var τ8 (reg),mean,yes,no
e191,cheetah,BIG,~ (non-monotonic),293 (499),1.00,0,off,fix 8,mean,no,no
e190,cartpole,BIG,✅ (climbing),714 (747),1.00,0,off,fix 8,mean,no,no
e189,hopper,BIG,❌,0.0 (1.7),1.00,200,off,var τ8 (reg),mean,no,no
e188,cartpole,small,~,254 (347),0.29,200,prob,fix 8,mean,yes,no
e187,cartpole,small,✅,697 (757),2.00,0,off,var τ4 (reg),mean,yes,no
e186,cartpole,small,✅,695 (766),0.72,200,prob_entropy,var τ4 (lagr),mean,yes,no
e185,hopper,BIG,❌,0.03 (0.9),1.00,0,off,var τ8 (reg),mean,yes,no
e184†,acrobot,BIG,❌ cancelled,0.4 (17.6),0.30,200,prob_entropy,var τ8 (lagr),mean,no,no
e183†,hopper,BIG,❌ cancelled,0.0 (0.4),0.94,200,prob_entropy,var τ4 (lagr),"mean, expl_w=1.0 (10×)",no,no
e182†,hopper,BIG,❌ cancelled,0.1 (1.6),0.50,200,prob_entropy,var τ8 (lagr),mean,no,no
e181†,hopper,BIG,❌ cancelled,0.0 (3.0),1.00,0,off,var τ8 (reg),sum,no,no
e180,acrobot,BIG,~ (climbing),177 (262),1.00,0,off,fix 8,mean,no,no
e179,cartpole,BIG,✅,740 (755),1.00,0,off,var τ8 (reg),mean,no,no
e178,hopper,BIG,❌,0.03 (3.1),1.00,0,off,var τ8 (reg),mean,no,no
e177†,acrobot,BIG,❌,2.5 (25.9),0.75,200,prob_entropy,var τ4 (lagr),mean,no,no
e176†,acrobot,small,❌,1.9 (12.3),0.54,200,prob_entropy,var τ4 (lagr),mean,no,no
e175†,cheetah,BIG,✅,463 (502),1.05,200,prob_entropy,var τ4 (lagr),mean,no,no
e174†,cheetah,small,~,165 (171),1.05,200,prob_entropy,var τ4 (lagr),mean,no,no
e173†,hopper,BIG,❌,0.0 (3.9),1.33,200,prob_entropy,var τ4 (lagr),mean,no,no
e172†,hopper,small,❌,0.7 (4.3),1.03,200,prob_entropy,var τ4 (lagr),mean,no,no
e171†,cartpole,BIG,✅,776 (843),1.13,200,prob_entropy,var τ4 (lagr),mean,no,no
e170†,cartpole,small,✅,653 (785),0.61,200,prob_entropy,var τ4 (lagr),mean,no,no
e169†,hopper,BIG,❌,0.0 (2.4),2.01,0,off,var τ4 (reg),mean,no,no
e168†,hopper,small,❌,0.3 (3.1),2.02,0,off,var τ4 (reg),mean,no,no
e167†,cartpole,BIG,❌,98 (650),2.00,0,off,var τ4 (reg),mean,no,no
e166†,cartpole,small,❌,129 (185),2.00,0,off,var τ4 (reg),mean,no,no
e165†,hopper,BIG,❌,0.3 (3.9),0.31,200,prob,fix 8,mean,no,no
e164†,hopper,small,❌,0.0 (3.7),0.30,200,prob,fix 8,mean,no,no
e163†,cartpole,BIG,~,364 (412),0.31,200,prob,fix 8,mean,no,no
e162†,cartpole,small,~,270 (565),0.31,200,prob,fix 8,mean,no,no
e161†,hopper,BIG,❌ cancelled,0.4 (1.5),1.17,0,prob_entropy,var τ4 (lagr),mean,no,no
e160,cartpole,BIG,❌,22 (182),1.04,0,prob_entropy,var τ4 (lagr),mean,no,no
e124†,hopper,BIG,✅,196 (326),1.00,0,off,fix 8,mean,no,no
